"","road","home","lineopen","line","linehow","linedokter","linebihl","linemidweek","linekeep","lineatom","lineargh","linecong","linebillings","lineharville","linecather","linepiratings","linepimean","linepibias","linefei","linerwp","linemassey","lineclean","linebmc","linedonchess","linepugh","linedwig","linefpi","linetalis","lineround","neutral","linesag","linesagr","linesagpred","linesaggm","linepfz","linemoore","lineelo","lineborn","linefox","linelaz","linepig","linekam","linel2hf","linepayne","linepaynep","linepaynewl","lineash","linesuper","linecovers","linekerns","lineteamrank","linel2","linelog","linecons","lineloud","linecurry","linedunk","linewayward","linem2","linemarsee","linebillings2","lineavg","linestd","linemedian","phcover","phwin","lineca"
"1","Navy","Air Force",15.5,14.5,16,NA,NA,NA,25.88,NA,15,20.25,11.299,18.62,23,16.2,17.3,19,14.8,NA,11.83,22.5,15.96351,16,23.16,26,20.471269882,10.23,19,0,16.16,20.12,15.52,13.44,21.16,23.97,17.663253059,23.95,20,11.02,19,19.1832,NA,17.62,22.55,14.97,NA,NA,NA,18.85,16.9,NA,NA,21.322,19,16.39,17.471,12.79,NA,NA,NA,18.111054462,3.9798859791,17.663253059,0.5623294767,0.8648846501,15
"2","Bowling Green","Akron",-6,-9.5,-1.5,NA,NA,NA,-4.96,NA,-1,-4.8,3.034,-7.59,-11,-9,-7.2,-8.8,-11,NA,-3.89,-2,-8.600022,-3.5,-8.39,-16,-3.751171953,-9.6,-2,0,-8.1,-10.49,-8.95,-5.75,-3.25,-5.78,-7.186130857,-6.75,-2,-0.19,-12,-12.4104,NA,-0.12,-8.3,4.29,NA,NA,NA,-6.85,-9.6,NA,NA,0.01,-2,-5.81,-9.465,-4.4,NA,NA,NA,-5.966603044,4.3401426012,-6.75,0.5608291897,0.3589662983,-9.5
"3","Colorado","Arizona",18,17.5,8.5,NA,NA,NA,19.39,NA,11,6.24,6.601,9.48,11,7.8,9.5,8.8,8.9,NA,4.87,7.5,17.27549,8,15.33,18,14.385848143,10.33,8,0,14.38,18.62,13.63,10.89,33.51,10.14,21.230528118,14.65,7,-1.12,18,12.4105,NA,10.9,11.21,10.73,NA,NA,NA,25.05,9.2,NA,NA,13.4855,17,9.95,15.852,6.06,NA,NA,NA,12.11416747,6.021624445,10.89,0.4092019187,0.7614733059,16.5
"4","Alabama","Arkansas",-16.5,-17.5,-23.5,NA,NA,NA,-33.79,NA,-14,-13.98,-2.156,-16.88,-12,-12.9,-13.7,-13.9,-22.1,NA,-14.96,-11.5,-15.68277,-7.4,-21.02,-23,-22.13378918,-12.15,-14,0,-17.86,-23.56,-16.84,-15.12,-12.36,-15.12,-2.031067569,-19.05,-17,-13.42,-14,-18.8122,NA,-13.18,-26.66,-5.91,NA,NA,NA,-10.25,-23.3,NA,NA,-4.865,-20,-13.51,-16.012,-19.19,NA,NA,NA,-15.58055675,6.3537770526,-14.96,0.5324866151,0.1819114985,-17.5
"5","Louisiana-Monroe","Arkansas St.",7.5,7.5,2.5,NA,NA,NA,13.64,NA,4,2.12,-3.269,5.72,5,3.1,4.4,4.4,2.6,NA,3.81,1,13.91581,3.4,10.7,10,10.631900862,0.96,-1,0,7.91,7.48,11.28,6.76,6.11,8.88,-2.444932052,4.95,5,5.62,5,6.306,NA,1.89,16.2,-5.82,NA,NA,NA,4.5,11.5,NA,NA,0.175,4,-0.6,3.312,7.8,NA,NA,NA,5.1082141173,4.7451852767,4.95,0.4588784501,0.6206509638,7
"6","Georgia St.","Army",9.5,8,16,NA,NA,NA,24.85,NA,14,5.91,9.304,13.82,5,6.8,7.8,5.1,12.7,NA,6.49,9.5,11.43377,3.7,15.53,14,15.002992823,4.83,22,0,13.4,17.54,12.67,9.79,10.05,5.63,16.838251825,18.95,11,7.5,15,7.7354,NA,16.14,24.22,11.8,NA,NA,NA,-7.15,11.4,NA,NA,13.699,13,13.95,11.452,11.7,NA,NA,NA,11.636229626,5.9055827674,11.7,0.5616713452,0.7532116304,8.5
"7","LSU","Auburn",-7,-9.5,0.5,NA,NA,NA,-26.36,NA,0.25,1.38,2.135,-3.85,2,-6,-6.8,-7.1,-8.8,NA,-2.69,0.5,-10.36408,-2,-8.55,-15,-11.24252695,-3.66,-3,0,-11.34,-19.13,-7.52,-4.57,-14.27,-2.29,-11.22178044,-12.35,-3,3.99,-8,-5.1383,NA,-3.64,-18.44,4.33,NA,NA,NA,-12.05,-12.4,NA,NA,-4.788,-9,-4.41,-8.536,-4.21,NA,NA,NA,-6.527699692,6.5724377524,-5.1383,0.5501016413,0.3524738808,-9
"8","Utah St.","BYU",24,24.5,25,NA,NA,NA,41.76,NA,26,27.76,16.075,24.07,25,23.2,21.6,22.5,16,NA,15.79,16.5,22.35484,22.5,26.86,28,25.399992343,16.16,29,0,20.32,24.19,20.56,17.83,34.34,22.51,25.794882444,25.25,22,14.39,26,20.1233,NA,27.91,37.88,22.53,NA,NA,NA,29.6,28.1,NA,NA,31.024,23,19.75,14.461,18.26,NA,NA,NA,23.764707678,6.0256866752,23.2,0.4874975329,0.9184572524,24.5
"9","Northern Ill.","Ball St.",-3.5,-3.5,3.5,NA,NA,NA,-4.09,NA,0.25,-9.88,0.905,-3.02,-7,-10.9,-10.5,-11.2,-9.2,NA,-0.81,0.5,-4.735093,-0.1,-5.04,-8,-2.358967353,-5.61,1,0,-5.04,-4.89,-7.41,-4.84,4.21,2.55,-6.322693085,-2.85,2,3.3,-7,-4.0527,NA,5.35,0.39,8.03,NA,NA,NA,-11.15,-6.3,NA,NA,-1.211,-7,1.29,-7.398,-4.5,NA,NA,NA,-3.222767157,4.9125885583,-4.09,0.5047675953,0.4233845957,-3.5
"10","Oklahoma St.","Baylor",1,2,0.5,NA,NA,NA,17.73,NA,2,2.59,1.297,4.52,4,1,1.5,0.8,-0.9,NA,2.64,-1,7.21424,1.5,5.79,6,5.3861132953,-2.51,11,0,3.3,3.14,5.04,1.88,8.91,3.28,4.963845698,2.35,2,-1.31,3,0.3036,NA,2.74,4.02,2.05,NA,NA,NA,11.05,2.5,NA,NA,4.9105,-1,-2.67,-1.258,-0.46,NA,NA,NA,3.1901780242,3.914773067,2.59,0.5206284662,0.5770651439,2
"11","San Diego St.","Boise St.",6.5,6,3.5,NA,NA,NA,7.15,NA,4,8.93,3.594,6.06,12,7.3,6.6,7.5,3.1,NA,8.36,5.5,8.251441,6.5,7.2,8,9.6827921273,6.26,3,0,6.99,5.86,9.24,8.03,12.88,3.99,4.368749671,3.05,7,9.38,4,4.4993,NA,2.69,5.33,1.26,NA,NA,NA,7.1,5.8,NA,NA,6.0655,3,-1.48,0.966,4.28,NA,NA,NA,5.9460434829,2.8729738133,6.0655,0.4990580829,0.6432538446,6
"12","Louisville","Boston College",-15.5,-15.5,-6.5,NA,NA,NA,-31.96,NA,-9,-8.69,-4.221,-11.11,-13,-10.6,-8.3,-10.9,-14.5,NA,-7.71,-7.5,-10.35517,-7.5,-15.7,-25,-9.457020257,-14.63,-22,0,-13.43,-18.99,-12.58,-8.46,-7.99,-8.77,-9.397379402,-18.15,-8,-2.33,-12,-11.9834,NA,-12.09,-17.8,-9.01,NA,NA,NA,-18,-13,NA,NA,-16.219,-11,-13.64,-14.585,-9.07,NA,NA,NA,-12.29580414,5.5853704994,-11.11,0.5545746911,0.2332793098,-15
"13","Miami (Ohio)","Buffalo",1,2,-2.5,NA,NA,NA,12.95,NA,-4,-8.54,-3.355,0.97,-4,-4.3,-4.5,-4.8,-1.1,NA,-0.01,-7,1.833518,-0.8,3.17,-1,5.0590720489,-8.29,-4,0,-0.14,-1.61,2.58,-0.94,-0.33,0.01,2.024270457,-0.75,-3,-0.16,-2,1.2618,NA,-4.05,-1.2,-5.58,NA,NA,NA,4.55,-1.3,NA,NA,-2.303,-1,-3.9,0.586,4,NA,NA,NA,-1.133739988,3.916387103,-1.1,0.4458291977,0.4724621949,1.5
"14","SMU","Central Florida",0,3.5,9,NA,NA,NA,9.85,NA,10,6.68,4.378,5.8,10,4.9,6.3,5.4,3.7,NA,3.69,2,3.943244,4.9,8.66,13,7.8349196745,1.29,6,0,6.32,6.92,5.74,6.79,9.35,8.25,-0.747330715,6.75,4,4.03,7,1.0556,NA,6.29,4.26,7.38,NA,NA,NA,5.2,4.1,NA,NA,9.1175,2,12.12,1.273,7.85,NA,NA,NA,6.1067056819,2.9723337953,6.29,0.5453816149,0.6467920366,4
"15","UTEP","Charlotte",-3.5,-3,-4.5,NA,NA,NA,-14.16,NA,-4,-5.66,-1.481,-6,-6,-4.4,-3.3,-4.9,-7.3,NA,-0.99,-6.5,-1.92508,-0.7,-6.43,-10,-0.319682032,-10.25,-10,0,-7.55,-11.81,-5.75,-4.59,-9.95,-2.57,-0.671678439,-11.65,-6,0.27,-6,-2.6286,NA,-8.97,-14.16,-6.17,NA,NA,NA,-10.05,-5.9,NA,NA,-0.7525,-9,-9.14,-11.444,2.47,NA,NA,NA,-5.898354646,4.0787515988,-6,0.4499368149,0.3599695232,-3.5
"16","NC St.","Clemson",7,7,12.5,NA,NA,NA,9.06,NA,2,3.41,5.265,5.02,9,4.5,5.3,5,6.4,NA,10.37,5.5,12.02768,7,8.54,-1,13.831162794,5.28,2,0,7.43,8.05,6.76,8.55,4.54,6.8,6.597303586,8.35,8,10.89,8,6.9248,NA,3.64,0.91,5.11,NA,NA,NA,14.85,5.1,NA,NA,6.874,-1,4,7.17,13.48,NA,NA,NA,6.9031694239,3.4405164916,6.8,0.4983154044,0.6639946646,7
"17","Georgia Southern","Coastal Carolina",10.5,10,15.5,NA,NA,NA,9.42,NA,9,8.82,17.669,6.72,11,7.7,9.5,9.5,11.1,NA,7.54,22.5,14.75799,7.8,8.35,3,4.0677312136,10.54,5,0,5.67,4.27,6.11,8.52,6.99,5.62,9.824687994,4.95,11,11.98,12,15.3977,NA,5.17,-7.12,11.79,NA,NA,NA,13.6,4.5,NA,NA,13.9265,1,11.12,11.661,13.44,NA,NA,NA,9.2659660782,4.8612884812,9.42,0.4873726838,0.7109300443,10
"18","Fresno St.","Connecticut",-24,-24,-14.5,NA,NA,NA,-36.02,NA,-10,-12.26,-13.633,-17.64,-22,-20.6,-19,-24,-26.8,NA,-15.29,-13,-16.79979,-16.5,-24.95,-21,-18.66866822,-17.37,-8,0,-18.65,-19.26,-21.86,-19.9,-18.48,-12.06,-17.93299341,-15.55,-19,-13.47,-25,-26.0161,NA,-10.76,-21.41,-5.02,NA,NA,NA,-19.1,-22,NA,NA,-12.964,-14,-18.78,-19.7,-15.21,NA,NA,NA,-18.05255004,5.6293550553,-18.65,0.6004838671,0.1427491297,-23
"19","Virginia","Duke",1.5,3,0.5,NA,NA,NA,4.69,NA,3,-2.72,-1.103,-1.94,-10,-8.9,-6.5,-9.5,-5.1,NA,-4.17,-7.5,1.310516,-3.6,-3.24,2,3.1849366221,-10.77,6,0,2.65,4.79,1.75,-0.3,8.51,2.09,7.960613976,-4.55,-6,-10.59,-5,-3.7003,NA,7.41,10.74,5.6,NA,NA,NA,10.4,0.3,NA,NA,2.534,11,-5.26,-3.287,-0.79,NA,NA,NA,-0.70976179,5.8349069587,-0.79,0.4370446086,0.4833211894,3
"20","Massachusetts","Eastern Mich.",20,20,22.5,NA,NA,NA,14.35,NA,14,18.24,14.751,20.67,26,16.6,16.8,19.3,23.7,NA,17.13,17,20.64397,22,25.48,23,15.543340841,25.89,10,0,23.01,24.1,24.77,24.74,7.9,24.72,16.46331778,25.85,26,19.56,19,25.3552,NA,9.69,9.09,10.01,NA,NA,NA,13.8,17.6,NA,NA,10.0065,11,35.78,29.345,27.23,NA,NA,NA,19.698008015,6.3224477046,19.56,0.4948814243,0.8746938108,20
"21","Wake Forest","Florida St.",6,7,2.5,NA,NA,NA,24.35,NA,10,0.98,-1.517,2.89,3,10.4,10.4,10.5,1.7,NA,1.47,-2.5,8.100654,3.2,4.95,3,8.6692420871,0.78,6,0,5.21,6.72,4.9,3.61,11.89,0.32,6.650008949,2.85,0.01,-1.98,5,4.495,NA,6.62,10.48,4.54,NA,NA,NA,16.95,8.6,NA,NA,6.937,-2,1.89,0.01,3.78,NA,NA,NA,5.327217196,5.1697269063,4.54,0.4713261161,0.6247386224,7
"22","Tulane","Houston",3,2.5,4,NA,NA,NA,-7.08,NA,1,9.02,10.273,0.59,4,3.1,2.8,4,-1.4,NA,2.92,15.5,0.831794,4.9,-1.87,-4,-1.169192873,5.66,1,0,0.3,-3.83,3.11,4.58,-6.07,-1.23,0.01,3.45,6,10.72,3,4.6387,NA,2.66,-3.08,5.75,NA,NA,NA,2.95,0.6,NA,NA,3.535,-13,9.63,4.723,4.54,NA,NA,NA,2.6863405602,4.5310968559,3,0.5032153361,0.5643985703,2.5
"23","Michigan","Iowa",-9.5,-11,0.5,NA,NA,NA,-11.34,NA,0.25,-5.43,-3.359,-8.07,-6,-7.4,-7.3,-9,-10,NA,-7.53,-6.5,-4.823686,-3.6,-10.36,-14,-10.22536471,-14.08,-2,0,-5.7,-8.67,-4.95,-3.71,1.23,-5.54,-7.416876105,-12.05,-11,-0.24,-10,-7.875,NA,-7.03,-10.36,-5.24,NA,NA,NA,-1.3,-11.1,NA,NA,-4.6165,-15,-8.88,-16.129,0.6,NA,NA,NA,-6.835254313,4.24502632,-7.3,0.5716439892,0.3392786065,-10.5
"24","Texas St.","James Madison",20.5,21.5,6,NA,NA,NA,29.6,NA,13,9.81,12.294,26.21,31,16.2,17.1,20.4,17.8,NA,16.02,21.5,23.02852,18.5,31.75,44,16.550897306,28.59,37,0,23.21,23.89,25.82,25.02,27.13,31.23,26.244201295,27.65,18,17.15,35,18.3039,NA,23.8,44.46,12.68,NA,NA,NA,7.85,25.9,NA,NA,29.75,21,26.35,NA,22.05,NA,NA,NA,23.196037965,8.7482894106,23.505,0.5278209042,0.8989993944,21.5
"25","Iowa St.","Kansas",-3,-3,-9,NA,NA,NA,0.12,NA,1,-1.49,2.907,-5.81,-8,-2.7,-4.2,-5.4,-18.2,NA,-10.24,-12,-10.00063,-6.7,-7.11,-4,-3.906491509,-11.4,10,0,-3.66,-2.55,-4.73,-6.15,3.88,-11.44,6.595690872,-6.95,-12,-19.19,-5,-12.5273,NA,10.22,13.61,8.4,NA,NA,NA,-0.01,-0.6,NA,NA,-0.4025,5,-10.18,-4.186,-10.32,NA,NA,NA,-4.228298308,7.3292638461,-4.73,0.4794432136,0.4047620631,-3
"26","Texas Tech","Kansas St.",7,8,7,NA,NA,NA,7.34,NA,4,7.56,-2.157,7.28,10,7.5,7.6,6.3,8.9,NA,7.48,9.5,9.199966,3.4,10.85,8,6.7570736331,8.71,5,0,9.52,10.72,10.16,8.78,3.99,4.63,5.458273514,9.05,8,7.89,6,8.7542,NA,2.26,4.74,0.92,NA,NA,NA,8.15,5.8,NA,NA,6.986,3,4.78,5.902,7.07,NA,NA,NA,6.8239149548,2.6776603927,7.34,0.4794568481,0.6635795821,8
"27","Ohio","Kent",6.5,11.5,7,NA,NA,NA,19.26,NA,6,9.99,7.818,9.43,11,9.2,9.2,8.3,0.01,NA,5.48,8.5,4.253539,3.1,13.98,11,12.744392511,8.54,9,0,13.57,20.57,11.47,6.46,14.23,8.41,3.8790778149,20.65,11,4.72,13,9.2727,NA,8.79,24.87,0.13,NA,NA,NA,6.15,13.7,NA,NA,5.5265,-3,7.9,11.58,5.31,NA,NA,NA,9.6362002275,5.2218464717,9,0.4680744098,0.7172102484,11
"28","South Alabama","Louisiana-Lafayette",-5,-9,9,NA,NA,NA,-19.59,NA,-2,2.08,6.163,-2.69,3,1.9,1.4,1.8,-1.7,NA,6.73,13,3.225242,-0.5,-4.63,-10,-3.300543278,8.62,-16,0,-2.35,-8.42,0.81,3.2,-10.87,3.42,-8.64883073,-8.45,6,15.65,-5,1.1357,NA,-6.77,-15.61,-2.01,NA,NA,NA,-8.45,-5.1,NA,NA,-4.41,-10,6.06,-4.867,3.07,NA,NA,NA,-1.343961756,7.5884202178,-1.7,0.6256035677,0.4696548084,-8
"29","Michigan St.","Maryland",7.5,8.5,4.5,NA,NA,NA,9.24,NA,6,1.44,1.902,3.25,6,1.3,2.5,3,0.5,NA,2.78,-4,7.418037,3.1,3.37,5,5.1428112729,-0.14,7,0,3.59,5.84,1.89,2.02,7.63,7.21,11.728661527,6.35,5,-4.71,3,1.4346,NA,6.45,3.85,7.84,NA,NA,NA,9.1,2.4,NA,NA,8.2565,5,-0.01,7.914,4.18,NA,NA,NA,4.1508929219,3.3931963446,3.85,0.4247651417,0.6005382332,7.5
"30","Temple","Memphis",20.5,19,18.5,NA,NA,NA,20.65,NA,13,15.18,10.273,17.62,26,20.2,18.3,22,18.5,NA,19.13,15.5,19.58031,24,21.93,20,21.109952819,30.06,17,0,15.01,12.22,19.6,18.97,7.73,14.12,13.735357867,19.65,25,18.46,26,24.0741,NA,14.33,17.34,12.72,NA,NA,NA,10,18.9,NA,NA,21.791,3,23.81,28.974,20.39,NA,NA,NA,18.813602944,4.9948838721,18.97,0.4967968987,0.870011222,19
"31","Texas-San Antonio","Middle Tenn.",-5.5,-4,0.5,NA,NA,NA,8.45,NA,2,-7.09,-4.004,3.53,5,-7.3,-4.7,-5.9,-3.5,NA,0.55,-3,-5.302384,-4.8,3.16,1,4.0158592672,3.62,11,0,2.99,5.71,0.59,0.89,5.85,0.11,5.815586546,9.55,4,-2.57,3,-3.326,NA,5.91,5.99,5.87,NA,NA,NA,-2.25,-1.4,NA,NA,5.1065,8,5.88,-3.455,4.01,NA,NA,NA,1.3536722393,4.727483575,2,0.5914079145,0.5324500086,-3.5
"32","Purdue","Minnesota",10,12.5,12.5,NA,NA,NA,22.74,NA,10,7.42,8.301,10.33,13,10.7,11.3,13.2,14,NA,10.16,5.5,16.15853,6.5,10.94,7,11.856656345,10.92,5,0,12.25,19.81,7.64,8.61,11.21,11.89,13.518860677,18.95,13,4.37,12,11.2359,NA,11.95,13.33,11.22,NA,NA,NA,9.95,11.9,NA,NA,14.448,16,18.81,18.012,13.08,NA,NA,NA,11.82221822,3.9772399158,11.856656345,0.4882544417,0.7641510854,12.5
"33","Kentucky","Mississippi",6,7,4,NA,NA,NA,24.2,NA,4,4.96,2.717,7.95,8,7.2,4.8,4.6,2.7,NA,5.25,6,2.338859,3.4,10.04,7,11.05201133,3.69,4,0,6.54,7.84,7.22,4.53,9.4,6.52,1.639440667,6.65,9,5.49,4,7.3053,NA,7.95,16.02,3.6,NA,NA,NA,9.6,8.2,NA,NA,5.369,6,5.64,5.583,5.43,NA,NA,NA,6.6201124634,3.9182913321,5.64,0.4934132272,0.6566622667,7
"34","Texas A&M","Mississippi St.",3,3.5,-2.5,NA,NA,NA,22.35,NA,1,8.39,-4.404,2.5,1,6.3,3.8,3.6,0.8,NA,-0.17,0.5,5.689574,0.4,1.93,1,6.715353299,-0.01,7,0,1.23,1.58,2.64,-1.17,8.88,1.31,9.031629841,-0.65,-2,-3.26,-4,0.8589,NA,4.06,10.16,0.78,NA,NA,NA,16.5,4.6,NA,NA,3.5665,2,-7.34,-1.633,0.55,NA,NA,NA,2.719633101,5.4531988867,1.23,0.4866514759,0.5641325541,3.5
"35","Georgia","Missouri",-27.5,-28,-28,NA,NA,NA,-30.42,NA,-18,-21.06,-14.246,-26.08,-29,-28.2,-26.3,-30.6,-33.6,NA,-23.04,-18,-27.28642,-24,-30.06,-40,-24.66225466,-28.86,-22,0,-22.79,-27.24,-21.76,-22.42,-26,-22.74,-27.33771654,-31.05,-28,-17.83,-24,-31.5186,NA,-21.25,-28.28,-17.47,NA,NA,NA,-28.65,-30.5,NA,NA,-21.3815,-19,-36.36,-34.195,-24.03,NA,NA,NA,-26.05408515,5.415151707,-26.3,0.5332659772,0.0608269007,-28
"36","Indiana","Nebraska",4,5.5,-9,NA,NA,NA,-14.74,NA,-10,6.19,-8.832,-4.43,6,3.5,4,4.8,-3,NA,2.75,11,-4.433686,3.5,-1.09,-15,3.6810323626,7.26,-23,0,-1,0.31,-3.67,-1.89,-6.18,-1.16,-12.97150658,4.65,8,7.5,1,1.1142,NA,-11.17,-3.12,-15.5,NA,NA,NA,-13.35,1.4,NA,NA,-11.2105,-12,2.22,-2.843,-5.62,NA,NA,NA,-2.544767322,7.81371344,-1.16,0.368633701,0.4429993505,4.5
"37","Florida Intl.","New Mexico St.",14.5,14.5,5,NA,NA,NA,26.31,NA,6,16.84,6.768,14.2,23,15.6,14.9,16.9,8.6,NA,9.99,16,13.18886,5,19.11,28,12.634439,14.01,8,0,12.15,17.39,12,6.8,7.58,12.72,15.760054649,29.05,19,5.6,13,17.5937,NA,8.71,22.44,1.32,NA,NA,NA,34.9,13.9,NA,NA,4.732,3,20.04,26.615,14.29,NA,NA,NA,14.527854967,7.5171119529,14.01,0.5004652455,0.7951588487,14.5
"38","Virginia Tech","North Carolina",8.5,9,13,NA,NA,NA,-0.01,NA,12,14.76,14.34,8.8,15,11.6,11.3,13.6,4.2,NA,6.69,5,7.568877,6.9,10.92,12,11.670871318,13.28,12,0,7.84,9.88,6.22,7.16,-0.01,6.22,6.803852855,14.95,13,4.07,11,11.1873,NA,11.69,8.88,13.21,NA,NA,NA,2.95,9.9,NA,NA,14.6965,10,15.28,15.525,8.74,NA,NA,NA,9.8471317359,4.1094221862,11,0.5146643222,0.7251784492,9
"39","Florida Atlantic","North Texas",-2.5,-3.5,1,NA,NA,NA,-4.78,NA,-1,-2.38,4.344,-5.55,-3,-3.1,-5.3,-2.2,-9.7,NA,-6.31,5.5,-2.120042,-0.6,-10.97,-11,-5.271822273,3.57,1,0,-7.6,-12.85,-5.56,-3.13,-7.51,-6.6,0.877260191,-10.35,-1,-1.6,-3,-4.7668,NA,2.27,-2.85,5.03,NA,NA,NA,-8.35,-4,NA,NA,-0.959,-4,3.99,0.647,-4.63,NA,NA,NA,-3.166083026,4.5889773668,-3,0.5057588101,0.4243013385,-3.5
"40","Rutgers","Ohio St.",41,40.5,30.5,NA,NA,NA,49.9,NA,22,33.12,20.19,31.12,44,33,32.4,37,42.3,NA,28.56,32.5,37.61955,28.5,44.99,47,34.36232296,38.42,25,0,35.5,43.76,33.85,33.08,32.24,30.9,28.30569605,50.95,41,27.7,34,38.4901,NA,24.27,37.87,16.94,NA,NA,NA,45.25,37.5,NA,NA,29.617,19,41.51,48.174,38.75,NA,NA,NA,35.174113878,8.0275483512,34,0.4123737203,0.975643691,40
"41","Liberty","Old Dominion",-2,-2.5,-11,NA,NA,NA,-3.77,NA,-5,1.99,-7.789,-5.28,4,-3.1,-4.6,-5.1,-7.7,NA,-5.5,-5,-1.215852,-2.7,-3.46,-5,-5.116224391,-1.57,-11,0,-2.7,-1.71,-3.53,-4.99,-9.24,-1.42,-4.529967885,-1.45,-2,-4.6,-5,-4.4547,NA,-6.42,-4.74,-7.33,NA,NA,NA,-6.55,-3.3,NA,NA,-9.6005,-13,-5.64,-1.607,-4.15,NA,NA,NA,-4.460323031,3.009704455,-4.6,0.4658468219,0.3916562712,-2.5
"42","Stanford","Oregon",16.5,17,23.5,NA,NA,NA,20,NA,16,18.49,20.323,17.86,27,14.5,16.4,15.9,11.8,NA,12.84,22,12.86983,16.5,19.11,17,14.522967074,26.91,19,0,13.11,16.16,11.03,12.48,11.65,15.1,25.605995972,26.55,22,13.86,21,16.4383,NA,17.4,11.14,20.77,NA,NA,NA,12.85,13.6,NA,NA,25.3085,10,28.14,23.676,14.48,NA,NA,NA,17.923770562,4.9514185166,16.5,0.5158766902,0.8585884347,17
"43","Northwestern","Penn St.",24.5,26.5,25.5,NA,NA,NA,32.42,NA,25,23.31,23.614,30.46,37,25.1,23.9,26.9,25.3,NA,23.04,18.5,27.05296,23.5,31.05,43,29.302618956,30.25,39,0,24.81,29.79,23.4,23.23,30.82,20.28,29.965746209,35.85,30,12.16,27,27.697,NA,33.8,39,30.99,NA,NA,NA,25,30.3,NA,NA,38.7135,30,33.48,31.153,20.78,NA,NA,NA,28.327288419,6.1675297511,27.697,0.5309952318,0.951302916,26.5
"44","Georgia Tech","Pittsburgh",20,22.5,22,NA,NA,NA,19.81,NA,19,31.19,18.517,23.45,28,25.8,25.1,26.4,19.7,NA,18.17,21.5,22.79805,22,22.17,25,19.341895587,26.71,19,0,16.41,18.35,17.36,15.65,27.47,19.79,23.095723673,27.85,26,15.02,25,24.9185,NA,19.05,24.02,16.38,NA,NA,NA,20.35,22.2,NA,NA,28.5215,20,23.27,29.694,21.09,NA,NA,NA,22.369430958,4.0761866193,22.17,0.4977387006,0.9130552363,22.5
"45","UAB","Rice",-9.5,-10.5,-8.5,NA,NA,NA,-1.14,NA,-4,-9.18,-7.778,-9.74,-14,-11.9,-12.4,-13.9,-15.1,NA,-6.85,-17.5,-9.610539,-8.7,-10.24,-18,-11.46370145,-9.28,-6,0,-9,-10.03,-10.11,-9,-2.27,-8.21,2.29921748,-7.85,-13,-9.35,-11,-9.7362,NA,-5.87,-13.34,-1.84,NA,NA,NA,2.4,-13.2,NA,NA,-8.6485,-13,-16.01,-9.802,-5.83,NA,NA,NA,-9.138529829,4.6229057908,-9.35,0.5234606543,0.2909188234,-10.5
"46","East Carolina","South Florida",-8,-9,-6,NA,NA,NA,-14.8,NA,-3,-11.92,-1.921,-10.85,-11,-4.6,-5.5,-6.4,-13.1,NA,-7.28,-12.5,-8.830514,-4.7,-13.39,-20,-10.72184181,-13.85,-8,0,-10.51,-13.9,-11.24,-7.23,-18.55,-11.14,-7.01798388,-13.75,-7,-2.19,-7,-7.8618,NA,-5.64,-10.41,-3.07,NA,NA,NA,-12.15,-8.6,NA,NA,-9.2645,-16,-15.16,-9.24,-5.53,NA,NA,NA,-9.38579609,4.2316946061,-9.24,0.4933268685,0.284612061,-9
"47","Oklahoma","TCU",-5.5,-6.5,-9,NA,NA,NA,-4.43,NA,1,-4.31,0.01,-4.48,-7,-3.8,-4.1,-4.6,-14.1,NA,-6.7,-14.5,0.3265145,-3.6,-9.12,-2,-5.459650246,-16.5,3,0,-5.65,-5.61,-7.18,-6.39,-0.8,-8.5,7.128252184,-7.35,-9,-10.24,-2,-7.544,NA,1.06,-2.78,3.13,NA,NA,NA,-16.25,-5.6,NA,NA,-1.582,6,-9.99,-2.355,-6.34,NA,NA,NA,-5.200070331,5.1006110822,-5.459650246,0.5223048888,0.3779935803,-6.5
"48","West Va.","Texas",10,9,11,NA,NA,NA,2.17,NA,10,10.97,12.893,7.05,9,8.8,7.9,9.1,13.1,NA,8.09,8.5,15.6888,13.2,14.09,20,14.825800397,6.01,12,0,8.86,7.8,10.69,10.55,1.31,15.44,10.008616266,12.75,9,9.33,11,12.5265,NA,9.6,10.97,8.87,NA,NA,NA,13.4,11,NA,NA,12.103,4,4.89,11.305,13.28,NA,NA,NA,10.465139431,3.4767614676,10.69,0.5254662273,0.7394182422,9
"49","Central Mich.","Toledo",7,7,6.5,NA,NA,NA,-5.15,NA,5,5.1,1.79,0.11,1,3.4,2.6,2.2,2.1,NA,-0.25,3.5,4.005309,3.7,1.43,-5,3.7167448949,-2.52,-4,0,0.67,-2.05,1.34,4.3,-3.72,3.42,4.367002433,-6.15,1,5.83,7,3.2715,NA,2.64,-2.68,5.51,NA,NA,NA,-15.65,1,NA,NA,3.3145,-3,-1.42,0.1,0.78,NA,NA,NA,1.0269525934,4.2417426512,1.79,0.3978306204,0.5248257003,5.5
"50","Cincinnati","Tulsa",-12,-9.5,-14,NA,NA,NA,0.01,NA,-8,-12.26,-9.797,-10.04,-4,-12.1,-12.1,-13.4,-13.8,NA,-8.97,-9.5,-16.46276,-7.1,-10.7,-18,-9.711217853,-10.69,-12,0,-7.34,-8.2,-6.95,-8.6,-3.84,-9.84,-10.70464244,-14.95,-12,-8.51,-15,-14.5635,NA,-7.11,-6.8,-7.26,NA,NA,NA,-6.35,-11.2,NA,NA,-13.0935,-13,-14.01,-14.93,-9.55,NA,NA,NA,-10.32664928,3.6760997562,-10.04,0.4856444207,0.2638981429,-9.5
"51","Washington","UCLA",-2.5,-3,4.5,NA,NA,NA,-8.29,NA,3,1.46,3.87,-0.01,10,2.8,1.7,2.9,-5.3,NA,0.63,13.5,-3.121697,-2.7,-5.42,-7,-1.548146863,12.18,-2,0,-6.53,-10.95,-4.34,-3.18,-6.06,2.61,0.297262846,-0.35,8,7.39,-2,1.6135,NA,1.91,-2.8,4.44,NA,NA,NA,-10.55,-2.6,NA,NA,1.064,-2,5.2,5.535,-0.01,NA,NA,NA,0.2382907069,5.6154306122,0.297262846,0.5551347958,0.5056256742,-3
"52","New Mexico","UNLV",17,14.5,7.5,NA,NA,NA,19.07,NA,8,5.67,8.206,10.35,16,10.7,8.5,11.9,11.5,NA,9.1,11.5,13.91583,14,11.73,10,11.283550755,9.98,13,0,10.35,11.89,10.41,9.68,13.49,8.11,17.618741771,15.55,14,9.15,12,13.6326,NA,10.18,13.02,8.66,NA,NA,NA,13,11.4,NA,NA,14.651,12,18.24,19.972,12.86,NA,NA,NA,11.945602988,3.2155114155,11.5,0.4555888334,0.768747646,14
"53","Arizona St.","USC",24,25.5,18,NA,NA,NA,42.74,NA,22,7.44,15.623,18.33,14,13.9,14.9,14.5,12.8,NA,8.17,-3.5,29.11845,17.5,24.62,23,22.967709759,2.71,36,0,18.69,21.91,18.43,17.49,35.94,16.05,28.281633888,15.85,10,0.45,21,16.6354,NA,27.59,34.38,23.94,NA,NA,NA,43.85,25.4,NA,NA,30.5025,28,6.86,17.604,14.29,NA,NA,NA,19.511285211,10.38673246,18,0.4051077854,0.847472749,25
"54","Oregon St.","Utah",11,10.5,11,NA,NA,NA,9.43,NA,7,8.86,1.884,8.84,14,10.3,9.9,11.4,14.5,NA,12.1,14.5,5.9467,13.2,10.01,7,13.007323351,16.73,-2,0,7.84,8.76,7.77,7.86,11.53,7.19,1.042354609,11.15,18,11.32,8,12.5472,NA,6.35,10.98,3.86,NA,NA,NA,9.1,11.6,NA,NA,8.1935,2,17.49,11.942,14.52,NA,NA,NA,9.8695872673,4.176785633,10.01,0.4890918391,0.7254277292,10.5
"55","California","Washington St.",4,4,6,NA,NA,NA,1.53,NA,3,6.09,8.006,3.58,5,6.4,6.9,6.1,4.8,NA,3.38,6,7.161079,6.9,3.54,1,1.2622779855,5.38,-6,0,1.87,3.29,0.41,0.85,-0.64,4.6,3.456548867,7.55,9,4.31,5,7.1325,NA,2.84,0.66,4,NA,NA,NA,1.85,4.3,NA,NA,5.3935,-1,9.76,8.585,6.11,NA,NA,NA,4.3013879476,3.0246583213,4.6,0.5052566718,0.6045569212,4
"56","Troy St.","Western Kentucky",6,5.5,8,NA,NA,NA,10.2,NA,4,5.11,8.313,13.5,18,11.6,11.1,12.3,11.3,NA,11.52,23.5,7.249755,5,14.2,6,12.931347692,21.04,1,0,5.66,6.63,6.25,4.34,14.23,8.44,4.504562146,20.85,23,9.56,4,11.9776,NA,4,0.42,5.94,NA,NA,NA,11.3,5.7,NA,NA,12.18,18,9.85,17.658,4.31,NA,NA,NA,9.9186406058,5.7655121746,9.56,0.574908839,0.7208044859,5.5
"57","Illinois","Wisconsin",8,7,5.5,NA,NA,NA,-4.34,NA,-0.25,5.17,9.709,4.22,13,11.3,10.1,12.1,9.6,NA,7.91,10,7.34732,10.1,6.85,-2,9.0403540907,6.53,-6,0,7.3,5.33,8.56,10.43,-6.73,8.17,-5.565799063,6.05,12,10.79,11,9.2179,NA,0.27,4.04,-1.74,NA,NA,NA,3,8.9,NA,NA,1.1375,-3,5.65,11.712,11.61,NA,NA,NA,6.0248359763,5.4530112185,7.34732,0.4833211008,0.6397067072,7
"58","San Jose St.","Wyoming",2,-2.5,5,NA,NA,NA,9.12,NA,2,-0.26,5.891,3.28,11,-0.9,0.7,-0.8,1.8,NA,4.4,3.5,-0.648545,-2.9,5.33,-3,2.3612502604,5.17,10,0,0.39,-2.72,3.25,2.36,-0.89,-0.88,2.901542084,1.95,8,0.46,4,0.6437,NA,7.39,7.95,7.1,NA,NA,NA,-2.45,1.4,NA,NA,6.4925,-5,6.42,2.071,4.32,NA,NA,NA,2.9561572523,3.6617915496,2.3612502604,0.5938972784,0.5717281323,-1
